nombre_fecha_hora,dato1,dato2,dato3,dato4,dato5
Daniel_2025-01-05 14:30:00,5,12,7,3,9
Almendra_2025-01-18 11:15:00,16,2,11,8,14
Sofía_2025-01-22 16:45:00,4,6,1,15,10
Daniel_2025-02-03 10:20:00,13,7,9,2,5
Almendra_2025-02-11 13:10:00,11,3,16,12,8
Sofía_2025-02-19 15:30:00,6,14,4,10,1
Daniel_2025-03-01 12:00:00,9,5,13,7,15
Almendra_2025-03-08 14:50:00,2,8,10,16,3
Sofía_2025-03-15 10:05:00,7,11,6,4,12
Daniel_2025-03-24 17:00:00,10,1,2,5,13
Almendra_2025-04-02 11:40:00,3,16,8,11,6
Sofía_2025-04-10 13:25:00,12,9,15,14,2
Daniel_2025-04-17 16:15:00,8,4,3,1,16
Almendra_2025-04-25 10:55:00,1,13,12,9,7
Sofía_2025-05-03 12:30:00,15,10,5,6,4
Daniel_2025-05-12 14:10:00,14,15,14,13,11
Almendra_2025-05-20 11:20:00,5,2,1,8,9
Sofía_2025-01-07 15:35:00,9,7,16,3,10
Daniel_2025-01-14 10:10:00,6,12,11,15,5
Almendra_2025-01-29 13:50:00,11,3,4,2,14
Sofía_2025-02-07 16:20:00,16,8,7,12,1
Daniel_2025-02-16 12:45:00,4,14,13,10,6
Almendra_2025-02-25 10:30:00,13,1,9,5,15
Sofía_2025-03-05 14:00:00,2,5,6,16,8
Daniel_2025-03-12 11:55:00,7,11,10,4,3
Almendra_2025-03-21 16:40:00,10,6,2,1,12
Sofía_2025-03-30 12:15:00,3,16,15,14,7
Daniel_2025-04-07 15:25:00,12,9,8,11,2
Almendra_2025-04-14 10:40:00,8,4,3,7,13
Sofía_2025-04-23 17:00:00,1,13,12,9,16
Daniel_2025-05-01 13:20:00,15,10,5,6,4
Almendra_2025-05-08 11:05:00,14,2,14,13,11
Sofía_2025-05-16 14:50:00,5,7,1,8,9
Daniel_2025-01-10 12:35:00,9,15,16,3,10
Almendra_2025-01-19 16:05:00,6,12,11,15,5
Sofía_2025-01-27 10:50:00,11,3,4,2,14
Daniel_2025-02-09 13:15:00,16,8,7,12,1
Almendra_2025-02-18 15:55:00,4,14,13,10,6
Sofía_2025-02-27 11:25:00,13,1,9,5,15
Daniel_2025-03-10 14:30:00,2,5,6,16,8
Almendra_2025-03-17 10:45:00,7,11,10,4,3
Sofía_2025-03-26 17:00:00,10,6,2,1,12
Daniel_2025-04-04 12:10:00,3,16,15,14,7
Almendra_2025-04-12 15:40:00,12,9,8,11,2
Sofía_2025-04-19 11:50:00,8,4,3,7,13
Daniel_2025-04-28 16:25:00,1,13,12,9,16
Almendra_2025-05-06 10:15:00,15,10,5,6,4
Sofía_2025-05-14 13:45:00,14,2,14,13,11
Daniel_2025-05-22 12:50:00,5,7,1,8,9
Almendra_2025-05-29 16:00:00,9,15,16,3,10